city,lat,long,state,content
大阪市,34.69806,135.51889,本州,大阪市位於日本的都市大阪市是位於日本大阪府中部的都市，為大阪府府治、以及大阪府兩個政令指定都市之一，亦是大阪都市圈、京阪神大都市圈、乃至於近畿地方的中心城市。全市面積223平方公里，夜間人口約有269.5萬人，是日本人口第三多的城市；日間人口則超過353萬人，位居日本第二。
東京市,35.69722,139.70833,本州,東京位於日本的都市東京是位於日本關東地方的都市，狹義上指東京都、或東京都區部，亦可泛指東京都及周邊衛星都市群相連而成的「首都圈」。東京都人口數達1394萬，首都圈的人口數則達3800萬，是目前全球規模最大的都會區。
名古屋市,35.18139,136.90639,本州,名古屋市位於日本的都市名古屋市是位於日本愛知縣西部的都市，為愛知縣首府，同時是中部地方與東海地方的中樞都市、以及愛知縣唯一的政令指定都市，人口約230萬，在日本各都市中排名第四，僅次於東京、橫濱及大阪，也是日本三大都市圈之一中京圈的核心城市。由於位於東京與京都之間，因此又被稱為「中京」。全市劃分為16個區。
橫濱市,35.44417,139.63806,本州,橫濱市位於日本的都市橫濱市是位於日本神奈川縣東部的市，地處東京都心西南約30公里至40公里處，東臨東京灣。為神奈川縣縣治及最大都市，也是政令指定都市之一，轄有18個區。全市人口達374萬，是日本人口最多的市，聚集神奈川縣內超過40%的人口；若以人口集中地區評比則次於東京23區。
神戶市,34.69,135.19556,本州,"神戶市位於日本的都市神戶市是位於日本兵庫縣東南部的都市，為兵庫縣首府，也是政令指定都市之一，下轄有9個區。全市面積557.02平方公里，人口則有1,522,273人，是日本人口第七多的都市。其與大阪市、京都市並為京阪神都會區的核心都市，同時也和附近的衛星都市組成神戶都市圈。"
京都市,35.01167,135.76833,本州,"京都市位於日本的城市京都市是位於日本京都府南部的城市，為京都府府治，也是政令指定都市之一。京都市的面積為827.83平方公里，下轄11個區。2020年，京都市有人口1,465,701人，是日本人口第八多的都市。京都市還和京都府南部、滋賀縣西部及大阪府的部份地區共同組成了「京都都市圈」，其人口數約有379萬。"
川崎市,35.51667,139.7,本州,川崎市位於日本的都市川崎市是位於日本神奈川縣東北端的都市，位處東京、橫濱兩大都市之間，為政令指定都市。其為面積最小的政令指定都市，總人口數則為153萬，2019年5月超過神戶市成為日本人口第6多的城市，同時是日本除都道府縣廳所在地以外人口最多的都市。
埼玉市,35.86194,139.64583,本州,埼玉市位於日本的都市埼玉市是日本埼玉縣縣治，同時為政令指定都市、以及首都圈業務核都市，為關東地方的主要都市之一。成立於2001年5月1日，2003年4月1日升格為政令指定都市，2005年4月1日將東鄰的岩槻市併入。全市分為10個行政區，人口約128萬，是日本人口第9大都市。其市名使用平假名而沒有使用漢字，是日本主要都市中的特例。
廣島市,34.38528,132.45528,本州,廣島市位於日本的都市廣島市位於日本廣島縣西部的都市，為廣島縣首府，也是本州西部的最大都市，人口約119萬。原本只是太田川入海口的一個三角洲，自16世紀時毛利氏在此建城並作為政權根據地後，迅速發展成為中國與瀨戶內地方的中心都市，現今為中國地方僅有的兩個政令指定都市之一。因其重要的政治經濟軍事地位，二戰期間遭受了核彈轟炸的軍事攻擊。
仙台市,38.26667,140.86667,本州,仙台市位於日本的都市仙台市是日本宮城縣縣治，位於宮城縣中部，為政令指定都市，同時也是東北地方最大的城市。該市得名於古稱千代城的古城「仙台城」，於1600年由安土桃山時代名將伊達政宗擴建並改名為同音的仙台。由於全市綠化比例高，而有「杜之都」之譽。
千葉市,35.6,140.1,本州,"千葉市位於日本的都市千葉市是日本千葉縣的縣廳所在地，也是政令指定都市、業務核都市。本市位於東京東南邊靠東京灣，並且有三條交通線路接往東京。千葉市是關東地方的主要海港之一。本市大部分為住戶，然而在沿海一帶有很多工廠和倉庫。
本市建於1921年1月1日，並於1992年4月1日成為政令指定都市。"
堺市,34.57333,135.48306,本州,堺市位於日本的都市堺市是位於日本大阪府中部的市，為政令指定都市，乃大阪府轄下人口及面積都名列第二的行政區劃，次於大阪市。地理上位處近畿平原南部，大和川下游左岸區域，西面大阪灣，北臨大阪市。其都市發展崛起於戰國時代，1889年建市，2006年4月1日升格為大阪府繼大阪市之後第2個政令指定都市。
世田谷區,35.64667,139.65333,本州,世田谷區東京都特別區世田谷區 (Setagaya City) 範圍自多摩川 (Tama River) 一路延伸，直至下北澤 (Shimokitazawa) 都市村的時尚咖啡廳及商店。該地區的大學校園附近有眾多書店及學生酒吧。靜嘉堂文庫美術館 (Seikadō Bunko Art Museum) 展出來自東亞各地的手稿、水墨畫及陶器藝術品，而豪德寺 (Gōtokuji Temple) 則以一系列的招財貓收藏聞名。駒澤奧林匹克公園 (Komazawa Olympic Park) 的小徑深受單車騎士及慢跑者喜愛。
新潟市,37.91611,139.03639,本州,新潟市位於日本的都市新潟市是位於日本新潟縣東北部的市，為新潟縣首府，地處日本最長河流信濃川的入海口，是本州日本海側地區與北陸信越地方的第一大城、以及唯一的政令指定都市。身為港口都市，新潟的開發歷史悠久，至江戶時代已是日本海沿岸重要港口之一，為幕末美日修好通商條約開港五港之一，現在也是水陸交通的要衝。
濱松市,34.71083,137.72611,本州,"濱松市位於日本的都市濱松市是位於日本靜岡縣西部遠州地區的市，也是靜岡縣第2個政令指定都市，人口約79萬，為靜岡縣內人口最多的市町村，轄區面積為1,558.04平方公里，是日本面積第二大的市，僅次於岐阜縣高山市。其為日本重要的工業都市，鈴木、本田、山葉等日本大型企業都是創業於此。濱松最早是江戶時代的城下町，也是當時東海道的宿場町之一。"
靜岡市,35.02222,138.32722,本州,"靜岡市位於日本的城市靜岡市是一座位於日本中部東海地方靜岡縣中部的城市，也是靜岡縣縣廳所在地，並在2005年4月1日成為政令指定都市。靜岡市有人口約70萬人，是靜岡縣內面積和人口第二大都市。靜岡市的轄區面積超過1,411平方公里，是日本面積第五大都市，亦是都道府縣廳所在地中面積最大的城市。靜岡市下設葵區、駿河區、清水區三個區。"
相模原市,35.56667,139.36667,本州,相模原市位於日本的城市相模原市是位於日本神奈川縣北部的城市，為神奈川縣內僅次於橫濱市和川崎市的人口第三大城市。2007年3月11日合併2町後人口超過70萬。2010年4月1日成為政令指定都市，是日本第19個、以及神奈川縣第3個政令指定都市。下轄綠區、中央區、南區等3區。透過鐵路約40分鐘可到達東京、橫濱市中心。
岡山市,34.65,133.91667,本州,查看以下內容的搜尋結果：岡山市 (位於日本的城市)市長： 大森雅夫大學： 岡山大學、岡山理科大學和Okayama Shoka University
大田區,35.56139,139.71611,本州,大田區東京都特別區大田區是日本東京都的特別區之一，位於東京都東南、正對東京灣。自古以來是捕魚業發達的地區、大正時代以後形成小作坊的聚集地、至今形成了京濱工業地帶。區內的東京國際機場是東京的空中門戶。日本著名的高級住宅區田園調布的部分地區位於該區西部。
江戶川區,35.7,139.88333,本州,江戶川區東京都特別區江戶川區位於日本東京23區最東面，是東京都的特別區之一。總面積約為49.86平方公里，其面積是東京23區中的第4位。區名源於位於區的東側南北而流的江戶川而來。
船橋市,35.7,139.98333,本州,船橋市位於日本的城市船橋市是日本千葉縣西北部的城市，為日本人口最多的中核市，在縣內人口僅次於千葉市。
川口市,35.8,139.71667,本州,提示： 只顯示繁體中文搜尋結果。你可以在使用偏好中指定搜尋語言
八王子市,35.66639,139.31583,本州,查看以下內容的搜尋結果：八王子市 (位於日本的都市)大學： 首都大學東京、私立創價大學、東京工科大學和中央大學佔地面積： 186.4 平方公里
姬路市,34.81667,134.68333,本州,姬路市位於日本的都市姬路市是位於日本近畿地方西部、兵庫縣西南部的都市，也是播磨地方的經濟、文化及教育中心。人口超過53萬，是兵庫縣內次於神戶市的第二大城市，同時也是日本首批中核市。姬路市和周圍的城市共同組成了人口超過70萬人的姬路都市圏。姬路市有著悠久的歷史，擁有已被列為世界文化遺產的姬路城和圓教寺等眾多文化財產。
宇都宫市,36.55,139.88333,本州,宇都宮市位於日本的都市宇都宮市是位於日本栃木縣中部的都市，為栃木縣首府、以及中核市之一，同時是北關東最大都市，人口約51萬人。宇都宮於1896年4月1日建市。2007年3月31日，該市合併了上河內町及河內町。以該市為中心的宇都宮都市圈的人口約89萬人。戰後，對該市東部進行了大規模的工業開發。在江戶時代，該市是重要的交通樞紐。
東大阪市,34.67944,135.60083,本州,東大阪市位於日本的城市東大阪市是位於日本大阪府東部的城市，其人口規模位居大阪府第三，僅次於府內兩個政令指定都市大阪市和堺市，目前是中核市。現有提案與周邊的八尾市和柏原市進行市町村合併並升格為大阪府的第三個政令指定都市的構想，但此提案目前並未有任何的進展。
西宮市,34.7375,135.34167,本州,西宮市位於日本的城市西宮市是位於日本兵庫縣東南部的城市，地處俗稱的阪神地區。根據2016年12月的統計，人口約49萬，為兵庫縣第三大的城市，現為中核市之一。
松戶市,35.78333,139.9,本州,松戶市松戶市位於千葉縣西北、古時作為水戶街道的驛站、現在作為東京的住宅區而聞名。松戶市是千葉縣內人口總數居於第4位的市。
倉敷市,34.58333,133.76667,本州,倉敷市位於日本的城市倉敷市屬日本岡山縣，位於高梁川與瀨戶內海的交界。成立於1928年4月1日。轄區內的工業製品製造品年出貨量達4兆日圓以上，在西日本地區為次於大阪市的主要工業城市。
市川市,35.71667,139.93333,本州,市川市市川市是日本千葉縣西北部，人口約47萬人的一個市。在千葉縣的人口相繼千葉市、船橋市、松戶市排名第4位。
福山市,34.48333,133.36667,本州,福山市位於日本的都市福山市是日本廣島縣的中核市，位於廣島縣東南部，是福山都市圈的中心城市。人口規模居於廣島縣內第二位，中國地方第四位。市內南部的觀光景點「鞆の浦」非常有名，特產品有鋼鐵、福山琴、慈姑和木屐。
金澤市,36.56667,136.65,本州,您是不是要查： 金沢市 本州
尼崎市,34.73333,135.4,本州,尼崎市位於日本的城市尼崎市是位於日本兵庫縣東南部的城市，與大阪市相鄰，人口居於兵庫縣內第四位，但人口密度為縣內最高，現為中核市和保健所政令市。南面向大阪灣，西鄰西宮市，北接伊丹市，東北與豐中市相鄰，東鄰大阪市。轄區內南部以工業區為主，重工業密集，污染嚴重，現在則有明顯改善。
豐田市,35.08333,137.15,本州,豐田市位於日本的城市豐田市，是日本的愛知縣的城市之一。
富山市,36.7,137.21667,本州,"富山市位於日本的都市富山市是位於日本富山縣中部的都市，為富山縣首府，同時也是富山縣最大的市町村。它位於沖積平原上，是日本海沿岸的工業城市，面積有1241.85平方公里，人口418,710人。第二次世界大戰中市區曾受轟炸，戰後重建為新城市。市內有城蹟公園等名勝。"
藤澤市,35.35,139.46667,本州,您是不是要查： 藤沢市 本州
橫須賀市,35.25,139.66667,本州,橫須賀市位於日本的城市橫須賀市是一個位於日本神奈川縣南東部三浦半島的城市。由於橫須賀市處於東京灣入口，使得橫須賀市成為一個繁榮的軍港都市。日本的海上自衛隊、和美國海軍第七艦隊的司令部等都設立於此。人口數在神奈川縣內位於橫濱市、川崎市、相模原市之後，排名第4位，是中核市。
岐阜市,35.41667,136.76667,本州,岐阜市日本城鎮岐阜市，是日本中部岐阜縣南部的都會地區，岐阜縣縣政府所在地。行政區域為原稻葉郡、山縣郡、本巢郡、羽島郡的各一部分。為日本指定中核市之一。
枚方市,34.81667,135.65,本州,枚方市位於日本的都市枚方市是位於日本大阪府東北部的都市，與京都府、奈良縣接鄰，大致位於大阪市和京都市的中間，以七夕傳說和用菊花做的偶人展聞名。為大阪府轄內第4大城市，人口約40萬，次於大阪市、堺市與東大阪市。轄區東部為生駒山地的山區，最東側為高度約100公尺的山丘，往西高度逐漸降低為丘陵地，最西側為近畿平原一的部分，並以淀川為西界。
豐中市,34.78333,135.46667,本州,豐中市位於日本的城市豐中市是位在大阪府的北部，北攝地區裡的一個城市，距離大阪市中心約只有十五公里，是大阪都市圈近郊的一個衛星城市，西北部還有大阪國際機場，由於交通便利，在大阪府中為人口第五多的行政區劃，次於大阪市、堺市、東大阪市、枚方市。2001年升格成為特例市，2012年進一步升格成為中核市。
長野市,36.63333,138.18333,本州,長野市位於日本的城市長野市，是一個位在日本本州長野縣北部的城市；該城市地處千曲川與犀川匯流處，為長野縣縣廳所在地，也是該縣人口最多的市。1998年，當地舉辦1998年度冬奧會與1998年殘疾人冬奧會。此外，建於7世紀的佛教寺院善光寺也位在當地。
一宮市,35.35,136.76667,本州,一宮市位於日本的城市一宮市是愛知縣西部的城市。目前是施行時特例市。現任市長為中野正康。
豐橋市,34.76667,137.38333,本州,豐橋市位於日本的都市豐橋市是日本愛知縣東南部的市，為東三河地方的中心都市，東三河地方約半數的人口集中於此。目前亦是中核市、以及愛知縣人口第5大市町村。自中世時期到江戶時代，市中心地區就一直被叫做吉田。後來因此地名容易混淆而更名。在明治時期，由於當時的三河國吉田藩的名稱易於混淆而被下令改名，藩主選出了「豐橋，關屋，今橋」三個地名。
高崎市,36.31667,139,本州,高崎市位於日本的城市高崎市是日本群馬縣西南部的城市。
岡崎市,34.95,137.16667,本州,岡崎市位於日本的城市岡崎市是日本愛知縣的中核市。昔日是三河國中央位置的城市。以生產「八丁味噌」而全日本聞名。該市以細川氏的發祥地及德川家康的出生地而聞名。擁有眾多的史蹟和教育場所，可謂一座文教城市。2006年1月1日，額田郡額田町被納入該市。岡崎市也是NHK晨間小說連續劇《純情閃耀》的故事舞臺。市區東部的山中棲息有野生的猴子。
和歌山市,34.23333,135.16667,本州,和歌山市位於日本的城市和歌山市是位於日本和歌山縣北部的城市，為中核市，也是和歌山縣的縣廳所在地；現在的和歌山市土地面積僅占全和歌山縣約4%，但人口卻接近全縣的40%。轄區位於紀之川河口，西側以紀淡海峽與淡路島相隔。
奈良市,34.68333,135.8,本州,奈良市位於日本的城市奈良市是位於日本奈良縣北部的城市，是奈良縣最大的城市，也是奈良縣縣政府所在地，現為中核市。主要市區位於轄區的西部，此區域也位於奈良盆地之內，東部屬於大和高原；轄區西側由於距離大阪市市區僅約20公里，加上鐵路交通便利，因此也被歸類為大阪市的衛星城市。
前橋市,36.38333,139.06667,本州,前橋市位於日本的城市前橋市是日本群馬縣中南部，關東地方西北部的城市。也是群馬縣廳的所在地，市域的大部份過去屬勢多郡，另有一部分來自群馬郡與佐波郡。該市在2001年4月1日成為特例市，2009年成為中核市。
品川區,35.61111,139.72611,本州,品川區東京都特別區品川 (Shinagawa) 是一個以天王洲島聞名的繁華海灣區，這裡是摩天大樓與木棧道、商店、時尚啤酒屋和俯瞰水面餐廳交錯的複合地區。傳統的景點包括優雅的泉岳寺 (Sengaku-ji Temple)，這裡有 47 個 18 世紀的武士墳墓。色彩繽紛的橋樑橫跨櫻花林立的目黑河 (Meguro River)，而品川公園 (Shinagawa Park) 裡有野餐地點和水族館。
川越市,35.93333,139.48333,本州,川越市位於日本的都市川越市是位於日本埼玉縣西南部的市，過去隸屬於入間郡。目前是中核市與業務核都市。
大津市,35.01667,135.85,本州,大津市位於日本的城市大津市是日本滋賀縣轄下的城市，位於琵琶湖西南岸，也是滋賀縣的縣廳所在地。
磐城市,37.03333,140.88333,本州,磐城市位於日本的城市磐城市，是位於日本福島縣南部的一個城市。是日本的中核市之一。是福島縣內面積最大的城市。2019年10月時人口超過34萬人，較縣廳所在地福島市人口為多，在東北地方的人口數僅次於宮城縣仙台市而排名第二。市內的磐城都市圈，人口繼郡山都市圈、福島都市圈縣內第三大。
郡山市,37.4,140.38333,本州,郡山市郡山市是位於日本福島縣中部的中核市，古稱安積郡。
越谷市,35.88333,139.78333,本州,越谷市位於日本的都市越谷市是位於日本埼玉縣東南部的市，為中核市、業務核都市和保健所政令市。人口約34萬，是埼玉縣第4大都市，僅次於埼玉市、川口市與川越市。
秋田市,39.72,140.1025,本州,秋田市位於日本的城市秋田市是日本東北地方西北部，秋田縣中部的城市。秋田市在1889年設市，並在1997年和郡山市同時成為東北首批中核市。秋田市是秋田縣的縣廳所在地，並且也是秋田縣的經濟、交通中心及人口最多的城市。1997年秋田新幹線的開業使得秋田市的陸路交通更加便利，乘坐小町號列車最快只需約三個半小時就可從東京到達秋田市。
新宿區,35.69389,139.70361,本州,新宿區東京都特別區新宿市 (Shinjuku City) 涵蓋霓虹閃爍的東新宿區和摩天大樓區 (Skyscraper District)；前者有熙攘俱樂部和卡拉 OK 坊，後者則有附設酒吧和餐廳的高級飯店。這裡也有許多藝廊、劇院和書店，吸引莘莘學子來訪。東京都廳坐擁高人氣的觀景台，可眺望箱根山 (Mount Hakone) 矗立在寧靜的城市綠地之上；新國立競技場 (New National Stadium) 則是為 2020 年的奧林匹克運動會所打造，擁有許多高技的設備。
四日市市,34.96667,136.61667,本州,四日市市位於日本的城市四日市市是位於日本三重縣北部的城市，也是三重縣內人口最多的城市，東臨伊勢灣，位於日本四大工業核心地帶之一的中京工業核心地帶。
春日井市,35.24778,136.97222,本州,春日井市位於日本的城市春日井市是名古屋市以北的一個城市。目前是施行時特例市。庄內川流過該市南部。JR中央線及國道19號橫貫該市。不少工作在名古屋市的人居住於該市。平安時代活躍的書法家小野道風出身於此。全日本有八成的仙人掌在此生產。現任市長為伊藤太。
盛岡市,39.68333,141.15,本州,盛岡市位於日本的城市盛岡市是位於日本岩手縣內陸地區的一個城市，地理位置接近岩手縣的中央，同時是岩手縣的縣廳所在地。盛岡古稱「不來方」、「古志方」，其歷史起源於平安時代桓武天皇下令在此興建志波城。安土桃山時代，盛岡最初被稱為「森岡」，是南部氏的城下町。
津市,34.71667,136.5,本州,津市位於日本的城市津市是位於日本三重縣中部的城市，也是三重縣的縣廳所在地。轄區面積為三重縣內最大的行政區劃，西南部為山區，東部為平原，位於伊勢平原的中間區域，主要市區位於沿海區域，安濃川、岩田川亦流過主要市區，安濃川以北為橋北地區、岩田川以南為橋南地區，兩者之間則為橋內地區。
青森市,40.82472,140.74056,本州,青森市日本城鎮青森市，是日本本州島北部青森縣的縣廳所在地，現為中核市之一，臨津輕海峽，是本州島最北端縣廳所在地。
明石市,34.65,135,本州,明石市位於日本的城市明石市是位於日本兵庫縣南部瀕臨明石海峽的城市，現為中核市。轄區為東西向狹長形，緊鄰瀨戶內海播磨灘，南部隔海為淡路島，自古即為阪神與播磨、淡路、四國往來的交通要衝，在明石海峽大橋通車前，為明石淡路渡輪的出發港口。
福島市,37.76667,140.46667,本州,福島市位於日本的城市福島市是日本東北地方福島縣中北部的一個城市，福島縣縣廳所在地。福島市內人口位於縣內第三位，僅次於磐城市和郡山市。以福島市為中心的福島都市圈人口有41萬，僅次於郡山都市圈位居縣內第二位。於2008年7月1日將鄰近的飯野町併入。
下關市,33.95,130.93333,本州,下關市位於日本的城市下關市是位於日本山口縣的城市，為本州最西端的都市，是中日關係史中著名的馬關條約簽署地點。轄區西側為日本海，東南側為瀨戶內海周防灘，南側以關門海峽與九州相隔；主要市區位於關門海峽北岸的下關港周邊，與海峽對岸的北九州市之間有關門鐵路隧道、關門國道隧道、關門橋可以往來，兩地也因此共同形成關門都市圈。
市原市,35.5,140.11667,本州,五井站前店- 日本租車首選ORIXhttps://car.orix.co.jp › shops千葉縣市原市五井中央東1－11－21. 電話號碼. 0436-23-8181. 營業時間 ... 適用於 五井站前店的特惠活動. 【早鳥預約31】北海道・本州・四國春初夏的租車.
茨木市,34.81639,135.56861,本州,茨木市位於日本的都市茨木市是位在大阪府的北部北攝地區的行政區劃，處在大阪市與京都市兩個大都市的中間，為大阪市的衛星城市的特徵，現為施行時特例市。轄區呈南北細長形，安威川自北往南貫穿整個轄區，北部屬於丹波高地，大多是山區，而南方屬於近畿平原，主要市區也位於南方的平原區域，自主要市區到大阪市內的梅田僅需約15分鐘。
鶴見區,35.50833,139.6825,本州,"查看以下內容的搜尋結果：鶴見區 (橫濱市)人口： 27.04 萬 (2010 年 2 月)都/道/府/縣： 神奈川縣鶴見區 (大阪市)人口： 11.18 萬 (2012 年 11 月 1 日)
佔地面積： 8.16 平方公里"
加古川市,34.75,134.83333,本州,查看以下內容的搜尋結果：加古川市 (位於日本的城市)市長： 岡田康裕大學： Hyogo University
豐島區,35.7325,139.71528,本州,豐島區東京都特別區豐島區是日本東京都內23個特別區之一，位在舊東京市的區域內西北角一帶。其命名由來源自日本政府進行「廢藩置縣」之前，武藏國豐島郡的古名，當東京市在進行行政區域擴大時，四個原屬北豐島郡的町被合併劃入東京市的範圍之內，而賦予豐島區的命名。豐島區是一個人口密度高，且集時尚與傳統、年輕與老年於一體、富有個性的區域。
福井市,36.06667,136.21667,本州,福井市位於日本的城市福井市位於日本福井縣中部的城市，也是縣內最主要的城市兼縣廳所在地，現為中核市。轄區東部為兩白山地，西部為丹生山地，並與日本海接鄰，中部為福井平原，九頭龍川為市內最主要的河川，其兩條主要支流日野川和足羽川也在轄內匯入九頭龍川。
水戶市,36.36667,140.46667,本州,"水戶市位於日本的城市水戶市是日本茨城縣中部的城市，也是茨城縣的縣府所在地，位於關東地方東北部，人口約26萬人。昔日是東茨城郡，目前是中核市。該市是水戶德川家的發源地，以水戶黃門而聞名。市內偕樂園以梅花而聞名。明治時代以後，該市的納豆消費與生產都很旺盛，水戶納豆成為該市的名產。
水戶都市圈的人口約有66萬人。"
平塚市,35.31667,139.35,本州,平塚市平塚市位於日本神奈川縣中南部、面對相模灣，為施行時特例市。
府中市,35.66889,139.47778,本州,"查看以下內容的搜尋結果：府中市 (廣島縣)人口： 4.393 萬 (2011 年 5 月 1 日)天氣： 29°C；風向與風速：西北 3 公里/時；濕度：82%府中市 (東京都)大學： 東京外國語大學和東京農工大學
人口： 26.03 萬 (2015 年)"
山形市,38.25,140.33333,本州,山形市位於日本的都市山形市是位於日本山形縣中部偏東的一個都市，同時是山形縣的縣廳所在地及人口最多都市，也是管轄村山地方的村山綜合支廳辦公室所在地。山形市是山形都市圈的中心城市，自2019年4月1日起為中核市。山形市自最上氏在此修築山形城之後發展為一大城下町。
富士市,35.16667,138.68333,本州,富士市位於日本的城市富士市是靜岡縣東部的城市，施行時特例市。人口數居於靜岡縣內第三位。也是富士都市圈的行政、商業、工業中心。日本製紙、王子製紙等很多造紙工廠都設立於此，在戰後的經濟高度成長期，很多造紙工廠將廢水傾倒入海中，加上空氣污染，引發嚴重的社會問題。
清水區,35.01583,138.48972,本州,"清水區日本清水區為2005年4月1日靜岡市成為政令指定都市後設立的行政區之一。面積相當於舊清水市全境與舊蒲原町、由比町。面積265.62平方公里，總人口242,731人。為動漫作品《櫻桃小丸子》的故事舞臺。是知名的港灣都市。"
松本市,36.23333,137.96667,本州,松本市位於日本的城市松本市是日本長野縣中部中信地方的城市，也是長野縣人口第二多城市。松本市是一座以國寶松本城為中心的城下町，是施行時特例市和國際會議觀光都市。松本市在歷史上多次幸運地免於戰火摧殘，得以保留舊開智學校等歷史建築。松本市十分重視文化和教育，加上豐富的觀光資源，得以被選入國際會議觀光都市。
吳市,34.25,132.56667,本州,查看以下內容的搜尋結果：吳市 (位於日本的都市)都/道/府/縣： 廣島縣大學： 廣島文化學園大學和海上保安大學校
寢屋川市,34.76667,135.63333,本州,寢屋川市位於日本的城市寢屋川市是位於日本大阪府東北部淀川左岸的城市，屬於大阪府北河內地區，距離大阪市市中心約15公里。現為中核市。轄區西部靠近淀川一側為平原，海拔高度僅2至3公尺，東半部則為延伸自生駒山地的丘陵地，
茅崎市,35.33333,139.4,本州,茅崎市位於日本的都市茅崎市位於日本神奈川縣中南部、從東京中心約60千米、面對相模灣、湘南地方中心的都市。施行時特例市之一。
春日部市,35.98333,139.75,本州,春日部市位於日本的城市春日部市是日本關東地方南部，埼玉縣東部的城市。與相鄰的越谷市一起被定為彩之國中核都市和業務核都市。往東京都特別區部的通勤率達21.1%，往埼玉市的通勤率為10.3%。日本愛知縣還有一個春日井市，但與該市無必然關係。
八戶市,40.5,141.48333,本州,八戶市位於日本的城市八戶市是位於日本青森縣東南方，面臨太平洋的一個中核市，僅次於青森市的第二大城市。八戶市是青森縣南部地區的中心都市，以此作為生活中心的八戶都市圈其人口大約有33萬人。若將鄰近的岩手縣東北部亦包括在這商圈之內，其人口則是東北地方少有的60萬人。
港區,35.65806,139.75167,本州,查看以下內容的搜尋結果：港區 (東京都特別區)人口： 24.31 萬 (2015 年 7 月 1 日)大學： 慶應義塾大學、明治學院大學、北里大學和東京海洋大學
上尾市,35.98333,139.6,本州,上尾市上尾市是埼玉縣中東部的一個人口約22萬的市。江戶時代時在此設有中山道的一個宿場上尾宿。
調布市,35.65056,139.54056,本州,"調布市調布市，日本東京都多摩地區東部行政區。南與神奈川縣接壤。多摩川流經該市。市區面積21.53km²。兩支日本職業足球聯賽球會—FC東京及東京綠茵的主場位於調布市，兩隊同時共用東京體育場為球隊主場。
調布市有時會與東京的高級住宅區田園調布混淆，但事實上田園調布是位於大田區。
往東京都特別區部的通勤率達41.4%。"
厚木市,35.43333,139.36667,本州,厚木市位於日本的都市厚木市位於日本神奈川縣中心的都市，且是一個施行時特例市。
寶塚市,34.8,135.36667,本州,寶塚市位於日本的城市寶塚市是位於日本兵庫縣東南部的城市，現為施行時特例市。知名的寶塚歌劇團發祥於此，其的主要據點寶塚大劇場也座落於該市。轄區西部位於六甲山系，北部為長尾山系，主要市區位於南部，武庫川由兩山系間通過後貫穿市中心。
太田市,36.28333,139.38333,本州,查看以下內容的搜尋結果：太田市 (位於日本的城市)市長： 清水聖義大學： Kanto Gakuen University和群馬松嶺福祉短期大學常陸太田市常陸太田市是位於茨城縣東北部的一個人口約6萬人的市。
筑波市,36.03333,140.06667,本州,筑波市位於日本的都市筑波市是位於日本茨城縣南部的都市，以坐落於此的筑波科學城為人熟知，集中了筑波大學、產業技術綜合研究所、國土地理院等多個學術與研究機構。目前亦獲日本政府指定為業務核都市與國際會議觀光都市。
伊勢崎市,36.31667,139.2,本州,伊勢崎市位於日本的城市伊勢崎市是群馬縣南部的城市。在2005年1月1日進行市町村合併後人口突破了20萬人，現為施行時特例市。該市也是群馬縣內少數的幾個人口仍在增加的城市。
上越市,37.15,138.23333,本州,上越市位於日本的城市上越市是位於日本新潟縣西部的市，為新潟縣第三大城市，也是上越地方的中心都市。目前是施行時特例市。其東距新潟市有133公里，西距金澤市有192公里。上越市成立於1971年4月，係由高田市和直江津市兩市合併而成。2005年1月1日將周邊13町村併入，使得轄區範圍擴大4倍，超過佐渡島的總面積。
岸和田市,34.46667,135.36667,本州,岸和田市位於日本的城市岸和田市是位於日本大阪府南部的城市，現為施行時特例市；西部靠大阪灣，沿岸為以填海地為主的工業區，東部區域為和泉山脈，主要產業為紡織工業，本地的知名代表慶典為岸和田山車祭。居住於岸和田市擁有永久居留權的外國人，只要年滿18歲，在日本國內居住滿三年以上，並在岸和田市居住超過三個月，即可擁有投票權。
山口市,34.18333,131.46667,本州,山口市位於日本的城市山口市是位於日本山口縣中部的城市，亦是山口縣的縣廳所在地；面積為山口縣內最大，南臨瀨戶內海，北接島根縣，主要市區位於南部，全市人口數為山口縣內第二多，次於下關市。
沼津市,35.1,138.86667,本州,沼津市位於日本的都市沼津市，是位於日本靜岡縣東部的市。於1923年7月1日成立。是靜岡縣東部的中心都市。沼津市也是沼津都市圈的中心。觀光業發達。
鈴鹿市,34.88333,136.58333,本州,鈴鹿市位於日本的城市鈴鹿市是位於日本三重縣北部的城市。轄區東臨伊勢灣，東半部位於伊勢平原，西半部則屬於鈴鹿山脈的山區。
甲府市,35.66667,138.56667,本州,甲府市日本城鎮甲府市是日本山梨縣的縣廳所在地，地處山間甲府盆地之中，市區地勢平坦，並包含南北方的山區，外形南北狹長，建立於公元1519年，也是日本戰國時代大名武田氏的根據地過去即為甲斐國國府，市名來自[甲斐府中]的簡稱。現為中核市。
西東京市,35.73333,139.53333,本州,"西東京市西東京市是位於日本東京都多摩地方的市，成立於2001年1月21日，由田無市和保谷市合併而成，為21世紀日本最早設立的市。市區面積15.85平方公里，合併時人口有179,710人。人口密度超過每平方公里12,000人。"
小田原市,35.25,139.15,本州,小田原市位於日本的城市小田原市位於日本神奈川縣西部的一個城市，現為施行時特例市。設市前屬足柄下郡。
鳥取市,35.5,134.23333,本州,鳥取市位於日本的城市鳥取市是日本鳥取縣東部的一個城市，同時是鳥取縣的縣廳所在地，現為中核市。鳥取市是日本各縣廳所在地中僅多於甲府市的人口第二少城市，人口密度也僅高於山口市。鳥取市和同屬中國地方的廣島市之間約有300公里長的陸路距離，但和近畿地方中心都市大阪市的距離只有約190公里。
伊丹市,34.78333,135.4,本州,"伊丹市位於日本的城市伊丹市是位於日本兵庫縣東南部的城市，屬於大阪市的衛星城市，距離大阪市市中心僅約10公里距離。轄內東側有豬名川、西側武庫川通過，全市大部分區域皆平坦；JR西日本的福知山線以南北芳巷通過市區，阪急伊丹線也從南面通往市中心。大阪國際機場的大部份區域位於該市轄區內，機場也被通稱為「伊丹機場」。
主要產業包括園藝及釀酒。"
札幌市,43.06667,141.35,北海道,札幌市位於日本北海道的都市札幌市是位於日本北海道道央地區的都市，為北海道首府以及石狩振興局本部所在地，也是政令指定都市之一。其擁有超過190萬人口，是北海道最大都市、以及日本人口第五大都市，集中了北海道35%的人口，而札幌都市圈更集中了北海道約半數的人口。
旭川市,43.76667,142.36667,北海道,旭川市位於日本北海道的城市旭川市是日本北海道上川綜合振興局境內的一個城市，是北海道僅次於札幌市的第二大城，現為中核市，也是該振興局的行政中心所在地。近年來以旭山動物園和旭川拉麵聞名日本國內外，現與釧路市同被指定為北海道的國際會議觀光城市。
函館市,41.76667,140.73333,北海道,函館市位於日本北海道的城市函館市，舊稱箱館，是一個位於日本北海道南部渡島半島東南龜田半島上的沿海城市，也是道南的中心城市。其東、南、西方分別被太平洋、津輕海峽和函館灣包圍，現為中核市。函館是北海道人口第三多的城市，僅次於札幌市與旭川市，是道南區域的行政、經濟、文化中心，北海道政府的派出機關渡島綜合振興局辦公室所在地亦位於此。
釧路市,42.98361,144.38361,北海道,釧路市位於日本北海道的城市釧路市是位於日本北海道東部的城市，人口為北海道境內僅次於札幌市、旭川市與函館市的第四大都市，也是道東地區最大的城市，因此日本中央政府及北海道廳在此設有負責道東區域的分支機關，甚至越南和密克羅尼西亞聯邦也在此設立名譽領事館。
苫小牧市,42.63333,141.6,北海道,苫小牧市位於日本北海道的城市苫小牧市是北海道西南部的城市，距離札幌市僅九十分鐘的車程。與室蘭市都是北海道具代表性的工業都市、企業城市和港灣都市。
帶廣市,42.91667,143.2,北海道,帶廣市位於日本北海道的城市帶廣市是位於日本北海道東南部的城市，位於十勝平原中央，是十勝綜合振興局轄內的主要城市，也是十勝地區的農產集散地，並有大量食品加工相關的產業。
小樽市,43.18333,141,北海道,小樽市位於日本北海道的都市小樽市，是位於日本北海道中央區域的一座港口都市，北邊面向日本海，東邊緊鄰北海道道廳所在地札幌市。小樽市因發展時間比大多數北海道城市來的早，是較早開始發展的港口都市之一，市區內有著許多百年傳統歷史建築。
室蘭市,42.31667,140.96667,北海道,室蘭市位於日本北海道的城市室蘭市為北海道西南部沿海的城市，位於繪鞆半島，其東、西、南三面環太平洋，具有天然良港的環境。鋼鐵工業十分發達，甚至被認為是新日本製鐵和日本製鋼所兩家製鐵公司的企業城下町，同時還有造船、煉油等工業，是北海道具代表性的重工業都市。
千歲市,42.81667,141.65,北海道,"千歲市位於日本北海道的城市千歲市是位於北海道石狩振興局南部的一個城市，為新千歲機場的所在地，因此也成為北海道的物流集散地。西部為以支笏湖為中心的山區，東部為石狩平原，緊鄰馬追丘陵，人口主要集中在中部鐵路沿線區域。
由於日本陸上自衛隊的第7師團以及航空自衛隊的第2航空團的駐地皆在此，因此全市9萬的人口中，約有三萬人從事自衛隊相關之工作。"
岩見澤市,43.2,141.78333,北海道,岩見澤市位於日本北海道的城市岩見澤市為位於日本北海道空知綜合振興局南部的城市，位於石狩平原的東部，也是空知綜合振興局辦公室的所在地。轄區內的水稻耕作面積及收穫為北海道第一。
石狩市,43.19417,141.31278,北海道,石狩市位於日本北海道的城市石狩市是位於北海道石狩振興局北部的一個城市。市名「石狩」源自從轄區中流過的石狩川，石狩川的名稱則是源自阿伊努語的「i-sikar-a-pet」，意思是「彎彎曲曲的河川」。
網走市,44.01972,144.26806,北海道,網走市位於日本北海道的城市網走市位於日本北海道東部，為鄂霍次克綜合振興局轄下城市，也是鄂霍次克綜合振興局辦公室所在地，在北見市以東約50公里。北邊面向鄂霍次克海，境內多丘陵，市中心位於網走川出海口附近，並延伸到周邊海岸附近的平地。轄區內西北部有能取湖，中部有網走湖、東部有濤沸湖，皆屬於網走國定公園。
稚內市,45.41472,141.67611,北海道,稚內市位於日本北海道的城市稚內市是位於日本北海道北部的城市，也是宗谷綜合振興局所在地，是日本實際控制領土中的最北端，也因此轄區內有許多事物被冠上「日本最北」的稱號。東面向鄂霍次克海，西面日本海，北為宗谷海峽，從最北端的宗谷岬到對岸庫頁島南端的西能登呂岬的距離約為43公里。
根室市,43.33333,145.58333,北海道,根室市根室市為日本北海道根室振興局的市，位於北海道最東端區域，也是根室支廳所在地。名稱來自阿伊努語的「ni-moy/ni-muy」或「ni-mu-oro」或「mem-or-o-pet」。
紋別市,44.35,143.35,北海道,紋別市位於日本北海道的城市紋別市為位於日本北海道鄂霍次克綜合振興局北部的城市，北側面鄂霍次克海，冬季時岸邊會有流冰，南部為台地。名稱源自阿伊努語的「mo-pet」，意思為安靜的河。由於過去在日高支廳的門別町日文發音同樣為もんべつ，因此紋別市習慣上以「鄂霍次克紋別」或「北見紋別」的稱呼來區別。
留萌市,43.93694,141.63917,北海道,留萌市位於日本北海道的城市留萌市是日本北海道留萌振興局的振興局所在地，位於留萌振興局南部，臨日本海，也是留萌振興局的中心城市，主要的產業包括商業、土木業和水產加工業。雖然輝煌不及往昔，但現在仍是鯡魚的主要捕獲港口，也是鯡魚卵的最大加工地。擁有日本少有的入超港——留萌港。
中標津,43.55,144.96667,北海道,中標津町中標津町為日本北海道根室振興局標津郡的町，位於根室支廳中部區域，產業以酪農業及商業為主。2005年起，成為北海道廳的移民促進市町村，推廣道外移民遷入。在2005年的人口普查中，為釧路、根室地方中唯一人口增加的地區。町名源自阿伊努語的「si-pet」，意思為大河。
余市町,43.2,140.78333,北海道,余市町位於日本北海道的城鎮余市町是北海道後志綜合振興局北部一個以果樹栽種為主的城鎮，臨日本海。海岸部份為二世古積丹小樽海岸國定公園的一部分。名稱源自阿伊努語「yu-ot-i」或「i-ot-i」。
森町,42.1,140.58333,北海道,森町位於日本北海道的城鎮森町是北海道渡島綜合振興局中部的一個以農業和漁業為主的城鎮，北海道最早的地熱發電所設於此。過去阿伊努族稱此地為「o-ni-us-i」或「o-ni-us-pet」，因此後來便以「森」命名。
江差町,41.86667,140.13333,北海道,江差町位於日本北海道的城鎮江差町是北海道檜山振興局中部的一個城鎮，臨日本海，是檜山振興局辦公室的所在地。由於町名發音與同樣位於北海道的枝幸町同為えさしちょう，因此常以「檜山江差」的稱呼來區別。町名源自阿伊努語的「e-sas-us」，意思是昆布。或者是「e-sa-us-i」，意思是海岬。
岩內町,42.97889,140.50917,北海道,查看以下內容的搜尋結果：岩內町 (位於日本北海道的城鎮)人口： 1.321 萬 (2016 年 9 月 30 日)市長： Yuji Kamioka
浦河町,42.16917,142.76778,北海道,浦河町浦河町位於北海道日高振興局中部，北部為日高山脈，南面太平洋，常發生地震；也是日高振興局所在地。町名源自阿伊努語的「urar-pet」，意思為有濃霧的河川。
斜里町,43.91667,144.66667,北海道,斜里町斜里町是位於日本北海道東部的行政區劃，屬鄂霍次克綜合振興局管轄，北部面向鄂霍次克海，南部有斜里岳等高山．受到鄂霍次克海海流及冬季浮冰的影響，全年平均氣溫僅約7度。該町的東部位於被列為世界遺產的知床半島北部，為知床國立公園的一部份。町名源自阿伊努語的「sar-i」，意思是生長蘆葦的地方。
厚岸町,43.0575,144.83694,北海道,厚岸町厚岸町位於北海道釧路綜合振興局東南部。町名是來自阿伊努語的「at-kep-us-i」或是「at-kes-to」，也有人認為是「atke-tek-us-i」。
瀨棚町,42.45,139.85,北海道,瀨棚町位於日本北海道的城鎮瀨棚町是日本北海道檜山振興局北部的一個城鎮，北部為以狩場山的山區，東南部則是以遊樂部岳為主的山區，西側鄰日本海。現在的瀨棚町和2005年以前的前身行政區劃「瀨棚町」的中文名稱雖然同為「瀨棚」，但日文原名是不同的，現在的瀨棚町日文原名是使用「瀨棚」的平假名「せたな」。
湧別町,44.21667,143.61667,北海道,湧別町湧別町位於北海道鄂霍次克綜合振興局中部鄂霍次克海沿岸，位於湧別川河口。轄區東部為佐呂間湖。名稱源自阿伊努語的「yupe」或「yu-pet」或「ipe-ot-i」。
松前町,41.43333,140.11667,北海道,松前町位於日本北海道的城鎮松前町是北海道渡島綜合振興局西南部的一個城鎮，位於北海道最南端的位置，西面日本海，南臨津輕海峽，也是北海道唯一的城下町，松前藩的政治、經濟、文化中樞；以松前城以及全國著名的賞櫻場所聞名。因為過去是松前藩的中樞，因此以「松前」命名。「松前」的名字是源自阿伊努語的「mat-oma-i」或是「mat-oma-nay」。
大空町,43.91667,144.16667,北海道,大空町大空町位於北海道鄂霍次克綜合振興局東部，為2006年3月31日由女滿別町和東藻琴村合併後新設立的町。轄區內有網走川通過。氣象廳地磁觀測所在此設有女滿別辦事處進行地磁觀測。町名為合併時向居民公開徵選而來，由於轄區內有女滿別機場，為網走支廳南部的通往天空的大門，因此以「大空」命名。
廣尾町,42.32722,143.21028,北海道,廣尾町廣尾町位於北海道十勝綜合振興局南部。名稱來自阿伊努語的「pi-ruy-pet」、「pir-or」、「pi-or」或「pira-or」。
羅臼町,44.01667,145.18333,北海道,羅臼町羅臼町為日本北海道根室振興局目梨郡的町，位於知床半島的東南部，面對根室海峽與國後島相對。名稱來自阿伊努語的「ra-us-i」，意思為低的地方、有腸的地方或有獸骨的地方。
襟裳町,42.06667,143.15,北海道,襟裳町襟裳町位於北海道日高振興局東南部，臨太平洋，位於日高山脈的最南端，也是北海道主體部分的最南端襟裳岬為於此。由於兩面臨海，常有強風，每年有290天以上的風速超過每秒10公尺，因此也成為北海道第一個設置民營風力發電所的地方。
增毛町,43.85,141.53333,北海道,增毛町增毛町是日本北海道留萌振興局南部的町，西鄰日本海，東側位山區，轄區內有暑寒別天賣燒尻國定公園的暑寒別岳。牡丹蝦的捕獲量是全日本第一，此外也有大量的紅蝦。又由於具有良好水質，轄區內有日本最北端的大型酒造「本間造酒」，其代表品牌為「國稀」。名稱源自阿伊努語的「maskin-i」或「mas-ke」。
樣似町,42.13333,142.93333,北海道,樣似町樣似町位於北海道日高振興局東南部，北部為日高山脈，西南面太平洋。町名被認為是源自阿伊努語的「samam-ni」或是「saman-i」。
雄武町,44.58333,142.96667,北海道,雄武町雄武町位於北海道鄂霍次克綜合振興局西北部，接鄰上川綜合振興局和宗谷綜合振興局，緊鄰鄂霍次克海。町名源自阿伊努語的「o-mu-i」，意思為堵塞的河口。
松山市,33.83333,132.76667,四國,松山市位於日本的城市松山市是日本四國愛媛縣最大的城市，也是愛媛縣的縣廳所在地。松山市是四國地方人口最多的城市，屬於中核市。松山市是以松山城為中心發展而成的城下町，因道後溫泉而自古就是著名的溫泉療養地，擁有眾多古蹟。
高松市,34.35,134.05,四國,高松市位於日本的城市高松市是位於日本四國地方東北部香川縣中部的城市，也是香川縣縣廳所在地，目前是中核市。高松市位於讚岐平原，臨瀨戶內海，是一座港口城市。由於高松市是四國距離本州最近的城市之一，加上過去國鐵運行的宇高聯絡船停靠在高松，使得高松是四國的門戶，眾多中央政府在四國的分支機關和全國性企業的四國分公司都設在高松。
高知市,33.56667,133.53333,四國,高知市日本城鎮
德島市,34.06667,134.55,四國,德島市位於日本四國的城市德島市是日本四國地方德島縣東北部的一個城市，位於吉野川河口，臨紀淡海峽，為德島縣的縣廳所在地。德島市在江戶時代是德島藩的城下町，在幕末時期因蓼藍產業的發展而是日本人口第10多的城市。德島市是德島縣的政治、經濟和文化中心，雖然屬於四國地方，但自古以來一直與近畿地方往來密切。
今治市,34.06333,133.00667,四國,今治市位於日本的城市今治市是位於愛媛縣東北部高繩半島的城市，臨瀨戶內海，其人口在愛媛縣內僅次於松山市位居第二，在全四國地區中為第五大城，次於四個縣的縣政府所在地。
新居濱市,33.96667,133.28333,四國,查看以下內容的搜尋結果：新居濱市 (位於日本四國的城市)市議員數： 26市長： 石川勝行
西條市,33.91667,133.18333,四國,西條市位於日本四國的城市西條市為位於愛媛縣東予地方的城市。沿海地區與鄰近的四國中央市、新居濱市、今治市、松山市共同連成中四國地區最大規模的工業區，產業包括材料、半導體、造船、飲料、發電、鋼鐵等，工業產值為全四國地區最大。
丸龜市,34.28333,133.8,四國,丸龜市位於日本的城市丸龜市是位於日本香川縣中西部的城市，亦為香川縣人口第二多的城市，僅次於高松市。該市團扇的產量占了全日本的九成。轄區位於丸龜平原東北部，臨瀨戶內海，位於海上的鹽飽群島亦有部分屬於丸龜市。由於地形以平原為主，轄區內的田地和山林地只佔了20%，有73%的地區為可居住地區。
宇和島市,33.21667,132.56667,四國,宇和島市位於日本的城市宇和島市是位於日本四國地方西部，愛媛縣西南部的城市，也是南予地方的主要城市。由於為溺灣海岸，漁業、珍珠養殖、鯛魚養殖發達，除了漁業以外，還有生產汽車零件的輕製造業。
阿南市,33.91667,134.66667,四國,查看以下內容的搜尋結果：阿南市阿南市是位於德島縣東南部的市，為四國最東端的市町村級行政區劃，也是德島縣南部地區的行政中心。過去曾是全日本竹筍產量最多的地方。知名發光二極體製造商日亞化學工業的本社設於此，而其半數工廠也在此地。
坂出市,34.31667,133.86667,四國,坂出市位於日本的城市坂出市是位於日本香川縣中央的城市，為瀨戶大橋四國側的入口。過去沿海地區曾為大片的鹽田，但現在鹽田皆已消失，被造船及化學工業區所取代。
小松島市,33.98472,134.59556,四國,查看以下內容的搜尋結果：小松島市 (位於日本四國的城市)人口： 3.682 萬 (2019 年 6 月 1 日)市議員數： 15
伊予市,33.75806,132.70361,四國,伊予市位於日本四國的城市伊予市是位於愛媛縣中予地方的城市。市名源自舊國名「伊予國」，由於「伊予」的日文舊字體為「伊豫」，因此1955年改制為市時最初的市名為「伊豫市」，但之後新字體的「伊予市」也可通用，直到1992年正式決定所有官方文書都採用「伊予市」，並於2004年確認以「伊予市」為正式名稱。
八幡濱市,33.46278,132.42333,四國,八幡濱市位於日本的城市八幡濱市是位於愛媛縣西部佐田岬半島根部的城市，因為天然的良港八幡濱港，也因此具有四國規模最大的魚市場。八幡濱港同時也是四國往返九州的重要港口。城市名稱源自「八幡濱浦」，由於當地在7世紀建立了八幡神社，因此海邊地區便以「八幡大神所在地的海邊」來命名。
東香川市,34.25,134.36667,四國,"東香川市位於日本四國的城市東香川市是位於日本香川縣東部的城市。東南側以讚岐山脈與德島縣相鄰，東北側為瀨戶內海。
過去日本有九成的手套在此生產，但在1990年代起為了降低成本，工廠逐漸外移到中國和東南亞地區，現改以生產技術性的特殊手套為主。"
松前町,33.79361,132.72778,四國,松前町位於日本四國的城鎮松前町是位於愛媛縣中部松山平原南端的城鎮，臨瀨戶內海伊予灘，屬伊予郡。為愛媛縣內人口最多的町，在四國地區則是人口第二多的町，次於德島縣藍住町。
須崎市,33.4,133.28333,四國,須崎市位於日本四國的城市須崎市是位於高知縣中部臨太平洋的城市。轄區內多為喀斯特地形，並延伸至海岸線，因此具有許多複雜的海灣地形。也因此石灰及水泥成為轄內主要產業。
多度津町,34.26667,133.75,四國,多度津町位於日本的城鎮多度津町是位於香川縣西部臨海的一個城鎮，屬仲多度郡的一町，轄區包括位於瀨戶內海的鹽飽群島高見島和佐柳島。古起就是海上、陸上交通要所，現在也是JR四國 土讚線的起點。日本武術流派少林寺拳法的總本部也設於此。
宇多津町,34.31667,133.83333,四國,宇多津町位於日本四國的城鎮宇多津町是位於日本香川縣中部靠海的一個城鎮。現為香川縣面積最小的行政區劃，但也是人口密度與人口成長率都最高的。過去在沿海地區皆為鹽田，但在1980年代前陸續停止使用，並配合瀨戶大橋的興建重新進行了土地規劃，而建於此地區的黃金塔，其158公尺的高度則是四國地區最高的陸地建築物。
土佐清水市,32.83028,132.89667,四國,"土佐清水市位於日本四國的城市土佐清水市是位於高知縣西南端的城市。由於交通不便，無鐵路和高速道路，為高知縣內11市中，人口減少且老齡化最嚴重的城市。主要產業遠洋漁業受過疎化、高齢化影響也陷入衰退。轄區內有全四國地區唯一的航空自衛隊基地－土佐清水分屯基地。
日本明治時代的知名翻譯約翰萬次郎出身於此。"
土庄町,34.48333,134.18333,四國,土庄町土庄町是隸屬日本香川縣小豆郡的一町，主要轄區包括：小豆島西北部和前島、豐島、小豐島。以世界最窄的海峽土淵海峽聞名。1990年曾因豐島上長達16年的非法傾倒事業廢棄物問題而登上日本全國媒體版面。
伊方町,33.4775,132.32972,四國,伊方町伊方町是位於愛媛縣佐田岬半島上的町。產業以農漁業為主，主要產物包括橘子和鯖魚。由於佐田岬半島狹窄細長，半島上地形又陡峭，因此在稜線上適合興建風力發電廠，轄區內有多達六座風力發電廠，近60座風車 。此外，轄區內的四國電力伊方核能發電廠的發電量佔了四國地區的35%。
牟岐町,33.66667,134.41667,四國,牟岐町位於日本的城鎮牟岐町是位於德島縣南部海岸的一個城鎮。主要市區分布於位於轄區中央的牟岐川兩岸，農業為主要產業，沿海地區幾乎皆為斷崖峭壁。但長受到颱風和震央位於四國南部海域的地震所影響。海上則有大島、津島、出羽島三個島嶼，其中出羽島有人居住。
福岡市,33.59167,130.40194,九州,福岡市位於日本的都市福岡市是位於日本九州北部、福岡縣西部的都市，為福岡縣首府，同時為政令指定都市之一。全市人口約158萬，是九州最大都市與政治、經濟、交通中心，也是大阪以西人口最多的城市。以福岡市為中心的福岡都市圈聚集了眾多政府機關和企業分公司，是日本人口第四多的都市圈，並和北九州都市圈共同構成了北九州－福岡都市圈。
北九州市,33.85167,130.84667,九州,北九州市位於日本九州的都市北九州市是日本福岡縣北部的一個政令指定都市，位於九州島最北端，隔關門海峽與本州相望。
熊本市,32.78333,130.73333,九州,查看以下內容的搜尋結果：熊本市 (位於日本九州的城市)市長： 大西一史大學： 熊本大學、熊本學園大學和熊本縣立大學
鹿兒島市,31.6,130.55,九州,鹿兒島市位於日本九州的城市鹿兒島市是位於日本九州島南端的一個城市，是鹿兒島縣的縣廳所在地，也是鹿兒島縣的政治、經濟、文化中心，人口數佔了全鹿兒島縣的35%，同時也是九州地方人口是第四多的城市，次於福岡市、北九州市、熊本市。鹿兒島市亦是全國人口第三多的中核市，次於千葉縣船橋市及埼玉縣川口市。
大分市,33.23333,131.60667,九州,大分市位於日本九州的城市大分市是位於日本九州東部的主要城市，也是大分縣的縣廳所在地。在過去曾是豐後國的國府所在地，故有府內的別稱。目前是中核市。是九州僅次於福岡市、北九州市、熊本市、鹿兒島市的第五大城市。轄區位於大分縣的中部，由大分川和大野川所形成的沖積平原－大分平原上，四周為丘陵所環抱。轄區的部分地區也被列入瀨戶內海國立公園的範圍。
長崎市,32.74361,129.88056,九州,長崎市位於日本的都市長崎市是位於日本九州西部的都市，為長崎縣縣治，也是日本西部的重要港灣城市。其歷史始於安土桃山時代對長崎港的開拓，在江戶時代的鎖國時期，更是日本唯一的國際貿易港口，與荷蘭、中國有密切的交流，並有外國人居住區出島。
宮崎市,31.91667,131.41667,九州,宮崎市位於日本九州的城市宮崎市是位於日本九州地方東南部，宮崎縣中部的城市，也是宮崎縣縣政府所在地。宮崎市擁有喜凱亞、青島、日本職棒集訓等觀光資源，是一座以服務業為主的城市。喜凱亞度假區內的喜來登頂級海洋度假大飯店是九州最高的建築。宮崎市有人口約40萬人，是九州人口第七多城市，自1998年開始是中核市。
佐世保市,33.18333,129.71667,九州,佐世保市位於日本的城市佐世保市是日本長崎縣北部地區的一座城市，人口數量在長崎縣中排名第二，僅次於長崎市。以日本的造船和國防工業之城為人所知，設有駐日美軍的佐世保美國海軍基地，也是九州最大的主題樂園「豪斯登堡」所在地，因此也是著名的觀光都市。
佐賀市,33.26667,130.3,九州,佐賀市位於日本九州的都市佐賀市是日本九州佐賀縣內的最大都市，同時也是佐賀縣的縣廳所在地。佐賀市最早設置於1889年，在平成大合併時期，先後與周邊的諸富町、大和町、富士町、三瀬村、川副町、東與賀町、久保田町合併。
博多區,33.59139,130.41472,九州,您是不是要查： 博多去 九州
都城市,31.71667,131.06667,九州,都城市位於日本九州的城市都城市是位於日本宮崎縣西南端的城市，是宮崎縣內人口第二多的城市。於2006年1月1日，由舊山之口町、高城町、山田町、高崎町與舊都城市合併而成。都城市位於都城盆地，西側為霧島山地、東側為鰐塚山地，大淀川從轄區中流過。
諫早市,32.85,130.06667,九州,諫早市位於日本九州的城市諫早市是位於日本長崎縣中央的城市，人口為縣內僅次長崎市和佐世保市之第三大城市，也是九州的第十二大城市。近年來該市面臨市街地空洞化的危機。轄區內正在進行的諫早灣干拓事業為日本正在進行的大型圍墾工程之一。
八代市,32.5,130.6,九州,八代市位於日本九州的城市八代市為日本熊本縣南部的主要城市，也是熊本縣內人口第二多的城市，過去曾經是疊蓆的原料藺草的主要產地。轄區內約70%地區為山地，其餘地區為平原；被列為日本三大急流之一的球磨川在此流入八代海，而轄區內主要市區也集中於球磨川出海口附近。
延岡市,32.58333,131.66667,九州,延岡市位於日本九州的城市延岡市是位於日本宮崎縣北部的城市，人口約13萬人，為宮崎縣內人口數量第三多的城市，也是宮崎縣北部的主要城市。日本的化學材料公司旭化成創業初期的工廠設於此，也帶動了本地的發展，因此延岡也被稱為企業城下町。
唐津市,33.45,129.96667,九州,唐津市位於日本的都市唐津市為位於日本佐賀縣西北部東松浦半島側的港灣都市，也是佐賀縣北部的中心都市。由於過去是日本前往中國的港口，在當時中國被稱為「唐」，因此得到「唐津」之名。
大牟田市,33.03333,130.45,九州,大牟田市位於日本九州的城市大牟田市是位於福岡縣最南端的一個城市，為福岡縣內人口第五多的城市，與相鄰的三山市、熊本縣荒尾市、南關町、長洲町同屬共同的生活圈，特別是與南側屬熊本縣的荒尾市往來密切，兩市的市區也是直接接鄰，因此過去也曾出現了跨縣市合併的意見。
Beppu,33.27944,131.5,九州,查看以下內容的搜尋結果：別府市 (位於日本九州的城市)市長： 長野恭紘大學： 別府大學、立命館亞洲太平洋大學和別府溝部學園短期大學
浦添市,26.25139,127.71472,九州,九州日本沖繩縣浦添市附近（株）九州総搬 沖縄営業所   沒有任何評論 建築公司 · 3 Chome-25-1 Gusukumaいすゞ自動車九州株式会社・浦添サービスセンター 3.0  (5) 汽車維修及保養 · 5 Chome-4-7 Makiminato日本光電九州（株） 南九州支社沖縄営業所   沒有任何評論 電力公司 · 3 Chome-2-13 Maeda更多地點
鹿屋市,31.41667,130.88333,九州,"鹿屋市位於日本九州的城市鹿屋市是位於日本九州大隅半島中央的城市，是大隅半島的行政、經濟、產業的中心，隸屬鹿兒島縣。人口約有10萬人，在鹿兒島縣為人口第三多的城市，次於鹿兒島市和霧島市。特產包括黑豬、小型肉雞、花生和紅薯。日本唯一的國立體育大學鹿屋體育大學位於此。
市名「鹿屋」的由來，根據鹿屋市史的資料，有以下幾種說法："
宜野灣市,26.28167,127.77833,九州,"九州日本沖繩縣宜野灣市附近九州三菱電機販売（株） 沖縄営業所   沒有任何評論 2 Chome-7-10 MashikiＴＬＣ南九州（株） 沖縄事業所   沒有任何評論 建材商店 · 7 Chome-7-17 Oyamaあやなすの杜   沒有任何評論 護理服務代理 · 9, 沖縄県宜野湾市伊佐3丁目9−19更多地點"
大村市,32.9,129.95833,九州,大村市位於日本九州的城市大村市為位於日本長崎縣中央部的城市；東部為多良岳縣立公園，西側面向大村灣。 長崎機場也位於此。由於位於長崎縣的中央，交通便利，現逐漸發展為長崎市與佐世保市的通勤城市。
若松區,33.90556,130.81111,九州,若松區濱海若松區 (Wakamatsu) 的響灘綠地 (Green Park) 有自行車和腳踏船租賃服務、夏季戲水泳池，及設置了 100 個座椅的鞦韆。溫室中展示著熱帶植物和蝴蝶，另外還有玫瑰花園和露天音樂會舞台。附近的高塔山公園 (Takatoyama Park) 繡球花和杜鵑花盛開，是熱門的丘頂觀景點。本町 (Honmachi) 一帶有熱鬧的麵店和氣氛悠閒的居酒屋。
中津市,33.6,131.18333,九州,中津市位於日本九州的城市中津市是位於日本九州大分縣西北端的一個城市。是大分縣北部的主要城市，也是大分縣內第三大城市；為大分縣內的觀光都市之一，主要景點包括：中津城、福澤諭吉故宅、耶馬溪。過去屬於豐前國，與福岡縣東部的地區往來頻繁，因此也有出現與福岡縣相鄰城鎮合併的提議。
佐伯市,32.96667,131.9,九州,佐伯市位於日本的城市佐伯市是位於日本大分縣東南部的一個城市，為九州裡面積最大的市町村級行政區劃。東部面向豐後水道，其海岸由於為谷灣地形，已被列為日豐海岸國定公園的範圍。西部和南部的內陸地區則屬於祖母傾國定公園。
日田市,33.31667,130.93333,九州,日田市位於日本九州的城市日田市是位於日本大分縣西北部的一個城市，雖然隸屬大分縣，但因為地形的關係，與福岡縣的筑前地方和筑後地方往來較為頻繁。
鸟栖市,33.38333,130.5,九州,鳥栖市位於日本九州的城市鳥栖市是位於日本九州佐賀縣東部的城市，位於筑紫平野上，是九州主要的交通中心，鳥栖車站是鹿兒島本線與長崎本線的分岐點，轄區內的鳥栖系統交流道則是九州自動車道、長崎自動車道、大分自動車道的交會點。由於居住人口中約有5%是至福岡市通勤或就學，因此也會被列入福岡都市圈的一部分。
戶畑區,33.89472,130.82944,九州,戶畑區面海的戶畑區是工業要地，以若戶大橋聞名；這座 1960 年代建立的豔紅吊橋會在夜晚亮燈，吸引遊客從鄰近的大橋公園拍照。在離海邊較遠處，夜宮公園種有春蕾繁盛的梅和櫻，並有大片的鳶尾花；園內有棟 1912 年建立的新藝術風格建築，是西日本工業俱樂部的所在。此區還坐落著位處山頂的北九州市立博物館，專門收藏日本和歐洲的畫作與雕刻。
日向市,32.41667,131.61667,九州,日向市位於日本九州的城市日向市是位於日本宮崎縣東北部的城市。
日南市,31.60556,131.37861,九州,日南市位於日本九州的城市日南市是位於日本宮崎縣南部的城市。有九州的小京都之稱。轄區位於鰐塚山脈的周邊，轄區約有百分之七十七為森林地，特產是飫肥杉，是過去治理此地的飫肥藩進行造林而成。
伊萬里市,33.26667,129.88333,九州,伊萬里市位於日本九州的城市伊萬里市是位於日本佐賀縣的城市，以伊萬里燒而聞名。
荒尾市,32.97694,130.47583,九州,荒尾市位於日本九州的城市荒尾市為位於日本熊本縣北部的城市。北部與福岡縣大牟田市相鄰，屬於大牟田都市圈，市區也與大牟田市的市區接連在一起，也因此有與大牟田市進行跨縣合併的提案。特產為水梨，九州最大的遊樂園格林主題樂園位於此。
島原市,32.76667,130.33333,九州,島原市位於日本九州的城市島原市為日本長崎縣東南部島原半島上的城市，為島原半島的主要都市。
指宿市,31.25278,130.63306,九州,指宿市位於日本九州的城市指宿市是位於日本鹿兒島縣薩摩半島南端的城市，是知名的觀光城市，以指宿溫泉而聞名。最有名的為當地的熱砂溫泉。當地亦是江戶幕府末期，第十三代將軍德川家定的正室，天璋院篤姬的老家，「今和泉島津家」的所在地。因其氣候溫暖，自稱為「日本的夏威夷」。
長與町,32.83111,129.88417,九州,查看以下內容的搜尋結果：長與町 (位於日本九州的城鎮)人口： 4.257 萬 (2017 年 3 月 1 日)大學： Siebold University of Nagasaki
臼杵市,33.13333,131.8,九州,"臼杵市位於日本九州的城市臼杵市是位於日本大分縣東部的一個城市，與大分市位於相同的生活圈。東側面向臼杵灣，主要是區位於臼杵川河口附近的平原地區；內陸區域的北部為丘陵，南部為約海拔500公尺的山區。氣候紹年均溫在15至17度之間，平均降雨量為1,500至1,800公厘之間。"
平戶市,33.36889,129.55306,九州,"平戶市位於日本的城市平戶市是位於日本長崎縣西北部的城市，轄區主要位於平戶島，有部分轄區位於九州島北松浦半島的西北端，也因此成為在日本本土上最西端的城市。過去為平戶藩的城下町，在日本鎖國前為日本的主要國際貿易港。
中國明朝大明招討大將軍國姓鄭成功即出生於此，六歲之前都是跟隨母親住在平戶。"
苅田町,33.77472,130.97917,九州,提示： 只顯示繁體中文搜尋結果。你可以在使用偏好中指定搜尋語言
西原町,26.22528,127.76611,九州,"西原町 - Wikipediahttps://ja.wikipedia.org › wiki › 西原町西原町（にしはらちょう）は、沖縄本島の中部を占める中頭郡の町。那覇市の北東約10kmほど ... 地方, 九州地方、沖縄地方. 都道府県, 沖縄県. 郡, 中頭郡.
郡: 中頭郡
総人口: 34,778人; （推計人口、2020年6月1日）
人口密度: 2,187人/km2
町の花: ブーゲンビリア"
志布志市,31.5,131.05,九州,志布志市位於日本九州的城市志布志市是位於日本鹿兒島縣東部的城市，緊鄰志布志灣，成立於2006年1月1日，由曾於郡松山町、志布志町、有明町合併而成。
鹿島市,33.10361,130.10111,九州,查看以下內容的搜尋結果：鹿島市 (位於日本九州的城市)人口： 3.016 萬 (2017 年 2 月 28 日)都/道/府/縣： 佐賀縣
國東市,33.56528,131.73167,九州,國東市位於日本九州的城市國東市是位於日本大分縣東北部國東半島東部的一個城市，於2006年3月31日，由東國東郡國見町、國東町、武藏町及安岐町合併而成。
菊陽町,32.85,130.81667,九州,菊陽町位於日本九州的城鎮菊陽町是位於日本熊本縣中部的一個城鎮，位於熊本市東北方，屬菊池郡。由於距離熊本市中心僅15公里，搭鐵路或巴士可在半小時內抵達，因此逐漸成為熊本市的通勤城市，現為熊本縣內人口成長率最高的行政區。由於位於菊池郡的南側，因此命名為「菊陽」。
日出町,33.36667,131.53333,九州,日出町位於日本九州的城鎮日出町是位於日本大分縣中部，屬速見郡的一個城鎮。由於與鄰近的別府市和杵築市有共同的歷史文化淵源，因此常被合稱為「別杵速見」或「別速杵地區」。近年來逐漸成為大分市、別府市以及臨近的半導體工廠的通勤城市，使得人口呈現成長的趨勢。
水俁市,32.21667,130.4,九州,水俣市位於日本九州的城市水俁市為熊本縣最南端的城市。過去以日本四大公害病之一的水俁病的發生地而聞名，目前環境已有很大改善，同時也是一座溫泉都市。
松浦市,33.33333,129.71667,九州,提示： 只顯示繁體中文搜尋結果。你可以在使用偏好中指定搜尋語言
枕崎市,31.28333,130.31667,九州,"枕崎市位於日本九州的城市枕崎市是位於日本九州薩摩半島南部的一個城市，面向東海，屬於鹿兒島縣。主要市區位於花渡川附近的平原，轄區北部為山區，東西兩側為台地，中間則為花渡川流域的平原。
產業以漁業為主，由於主要漁獲為鰹魚，因此也有柴魚的食品加工產業。"
豐後高田市,33.55,131.45,九州,豐後高田市位於日本九州的城市豐後高田市是位於日本大分縣北部國東半島上的一個城市，接鄰周防灘，生活圈屬於中津都市圈。由於國東半島的地形是以中央的兩子山為中心，向外以放射狀延伸出山谷與山脈，因此轄區內主要的市區都位於各山谷間河川及出海口附近。
阿久根市,32.01667,130.21667,九州,"阿久根市位於日本九州的城市阿久根市是位於日本鹿兒島縣西北部的城市。城市名稱是由島津氏分家薩州家第一代當主島津用久所命名。
主要產業是農業和漁業，特產包括柚子、凸頂柑、奇異果、香菇、沙丁魚，其中的柚子據說是在18世紀從中國傳入的。"
高鍋町,32.13111,131.5,九州,高鍋町位於日本九州的城鎮高鍋町是位於日本宮崎縣中部的一個城鎮，屬兒湯郡。為宮崎縣內面積最小的行政區。
築上町,33.65,131.05,九州,"築上町位於日本九州的城鎮築上町是位於福岡縣東北部的一個城鎮，於2006年1月10日由築上郡椎田町、築城町合併而成。轄區北部位於京都平原，南部與筑紫山地相接，主要市區位於築城車站與椎田車站前。
町名源自郡名「築上郡」。"
津久見市,33.06667,131.86667,九州,津久見市位於日本的城市津久見市是位於日本大分縣東海岸津久見灣週邊的一個城市，轄區分布於長目半島南側以及四浦半島的北側。豐後水道上的保戶島、地無垢島、沖無垢島與都屬於津久見市的轄區。
垂水市,31.52278,130.75944,九州,查看以下內容的搜尋結果：垂水市 (位於日本九州的城市)人口： 1.485 萬 (2017 年 4 月 1 日)都/道/府/縣： 鹿兒島縣
長洲町,32.93333,130.45,九州,長洲町位於日本九州的城鎮長洲町是位於日本熊本縣西北部靠有明海的一個城鎮，屬玉名郡。沿海地區有一部分是在江戶時代以圍墾產生的海埔新生地，也因此轄區內地勢低平，僅東部較為內陸的部分有些許丘陵地。
西之表市,30.68333,131.01667,九州,九州日本鹿兒島縣西之表市附近南九州酒販（株） 種子島支店 5.0  (1) 批發商 · 15602-3 Nishinoomote九州電力（株） 熊毛営業所・コールセンター 4.0  (1) 電力公司 · 211-1 Kamomecho九州勞動金庫 種子島分行   沒有任何評論 銀行 · 5-3 Tenjincho於 上午9:00 營業更多地點
蘆屋町,33.9,130.66667,九州,蘆屋町位於日本九州的城鎮蘆屋町是位於北九州市西側的一個城鎮，屬遠賀郡。轄區位於遠賀川河口兩岸，但西岸大部分地區屬於航空自衛隊蘆屋基地，加上遠賀川的水域面積，全町實際上的可居住面積約只有7.37平方公里。
大崎町,31.44222,130.9775,九州,提示： 只顯示繁體中文搜尋結果。你可以在使用偏好中指定搜尋語言
嘉手納町,26.36167,127.75528,九州,九州日本沖繩縣嘉手納町附近嘉手納バス停   沒有任何評論 學校 · 65 KadenaKadena Field 4.0  (21) 跑道 · 875番地 Yara營業至 下午10:00
本部町,26.65806,127.89806,九州,"九州日本九州附近サッポロビール九州本部   沒有任何評論 電子產品製造商 · 7-20 Gionmachiサッポロビール 九州本部 3.0  (1) 啤酒經銷商 · Gionmachi, 7−20 博多祇園センタープレイス6F中小企業基盤整備機構（独立行政法人）九州本部経営支援課(中小機構九州)   沒有任何評論 協會或機構 · 4-2 Gionmachi更多地點"
川棚町,33.06667,129.86667,九州,川棚町位於日本九州的城鎮川棚町是位於日本長崎縣中部的城鎮，屬東彼杵郡。
苓北町,32.5,130.05,九州,苓北町苓北町是位於日本熊本縣西部，天草群島西北部的一個町，屬天草郡。由於過去天草群島被稱為「苓州」，此地又位於「苓州」的北部，因此命名為「苓北」。
和泊町,27.4,128.64917,九州,和泊町位於日本沖永良部島的城鎮和泊町是鹿兒島縣轄下位於沖永良部島東部的一個城鎮。屬大島郡。
知名町,27.35,128.56667,九州,九州日本鹿兒島縣知名町附近九州電力(株) 新知名発電所 2.0  (1) 公司辦公室 · 1873 China九州農政局沖永良部農業水利事業所 1.0  (1) 政府辦事處 · 85 China新知名発電所 2.0  (1) 公司辦公室 · China更多地點
龍鄉町,28.41056,129.58028,九州,"龍鄉町- 维基百科，自由的百科全书https://zh.wikipedia.org › zh-tw › 龍鄉町龍鄉町（日语：龍郷町／たつごうちょう Tatsugō chō */?，琉球語：龍郷／タチゴ Tacigo）是鹿 ... 地方, 九州地方. 都道府縣 ... 1975年2月10日：改制為龍鄉町。
町樹: 琉球松
町花: 緋寒櫻
郡: 大島郡
都道府縣: 鹿兒島縣"
